{
    "PlayerCamera": {
        "offset": [
            1.7999999523162842,
            57.400001525878906,
            -59.20000076293945
        ],
        "rotate": [
            0.699999988079071,
            0.0,
            0.0
        ],
        "translate": [
            0.0,
            6.900000095367432,
            0.0
        ]
    }
}
