{
    "PlayerCamera": {
        "offset": [
            0.0,
            66.80000305175781,
            -31.0
        ],
        "rotate": [
            1.100000023841858,
            0.0,
            0.0
        ],
        "translate": [
            0.0,
            0.0,
            0.0
        ]
    }
}
